{
    "mode": "multi-multi",
    "train_size": 30,
    "train_gen": null,
    "test_gen": null,
    "seed": 42,
    "metrics": {
        "accuracy": 0.8032,
        "precision": 0.8174204355108877,
        "recall": 0.7808,
        "f1": 0.7986906710310966,
        "roc_auc": 0.88260088,
        "n_test": 10000,
        "feature_dim_before": 500
    }
}