{
    "mode": "multi-multi",
    "train_size": 75,
    "train_gen": null,
    "test_gen": null,
    "seed": 42,
    "metrics": {
        "accuracy": 0.8323,
        "precision": 0.8318354303974436,
        "recall": 0.833,
        "f1": 0.8324173078844809,
        "roc_auc": 0.9086160599999998,
        "n_test": 10000,
        "feature_dim_before": 500
    }
}