{
    "mode": "multi-multi",
    "train_size": 300,
    "train_gen": null,
    "test_gen": null,
    "seed": 42,
    "metrics": {
        "accuracy": 0.8691,
        "precision": 0.8679960119641077,
        "recall": 0.8706,
        "f1": 0.8692960559161258,
        "roc_auc": 0.9434540400000001,
        "n_test": 10000,
        "feature_dim_before": 500
    }
}