{
    "mode": "multi-single",
    "train_size": 25,
    "train_gen": null,
    "test_gen": "glide",
    "seed": 42,
    "metrics": {
        "accuracy": 0.8192,
        "precision": 0.8048128342245989,
        "recall": 0.8428,
        "f1": 0.82336850332161,
        "roc_auc": 0.90023724,
        "n_test": 10000,
        "feature_dim_before": 500
    }
}