{
    "mode": "multi-single",
    "train_size": 25,
    "train_gen": null,
    "test_gen": "BigGAN",
    "seed": 42,
    "metrics": {
        "accuracy": 0.823,
        "precision": 0.8062191884717482,
        "recall": 0.8504,
        "f1": 0.8277204594121083,
        "roc_auc": 0.9095566799999999,
        "n_test": 10000,
        "feature_dim_before": 500
    }
}