{
    "mode": "multi-single",
    "train_size": 30,
    "train_gen": null,
    "test_gen": "VQDM",
    "seed": 42,
    "metrics": {
        "accuracy": 0.7997,
        "precision": 0.8160725585319553,
        "recall": 0.7738,
        "f1": 0.7943742942203059,
        "roc_auc": 0.88475682,
        "n_test": 10000,
        "feature_dim_before": 500
    }
}