{
    "mode": "multi-single",
    "train_size": 30,
    "train_gen": null,
    "test_gen": "BigGAN",
    "seed": 42,
    "metrics": {
        "accuracy": 0.8476,
        "precision": 0.8329501915708812,
        "recall": 0.8696,
        "f1": 0.850880626223092,
        "roc_auc": 0.9294159399999998,
        "n_test": 10000,
        "feature_dim_before": 500
    }
}