{
    "mode": "multi-single",
    "train_size": 25,
    "train_gen": null,
    "test_gen": "stable_diffusion_v_1_4",
    "seed": 42,
    "metrics": {
        "accuracy": 0.8048,
        "precision": 0.7992930086410055,
        "recall": 0.814,
        "f1": 0.8065794688862465,
        "roc_auc": 0.88683608,
        "n_test": 10000,
        "feature_dim_before": 500
    }
}