{
    "mode": "multi-single",
    "train_size": 25,
    "train_gen": null,
    "test_gen": "wukong",
    "seed": 42,
    "metrics": {
        "accuracy": 0.7889,
        "precision": 0.7928238394486113,
        "recall": 0.7822,
        "f1": 0.7874760898016712,
        "roc_auc": 0.87035098,
        "n_test": 10000,
        "feature_dim_before": 500
    }
}