{
    "mode": "multi-single",
    "train_size": 300,
    "train_gen": null,
    "test_gen": "BigGAN",
    "seed": 42,
    "metrics": {
        "accuracy": 0.9146,
        "precision": 0.8789762340036563,
        "recall": 0.9616,
        "f1": 0.9184336198662846,
        "roc_auc": 0.97820682,
        "n_test": 10000,
        "feature_dim_before": 500
    }
}