{
    "mode": "multi-single",
    "train_size": 625,
    "train_gen": null,
    "test_gen": "VQDM",
    "seed": 42,
    "metrics": {
        "accuracy": 0.8847,
        "precision": 0.86771171860065,
        "recall": 0.9078,
        "f1": 0.8873032939106636,
        "roc_auc": 0.9571675800000001,
        "n_test": 10000,
        "feature_dim_before": 500
    }
}