{
    "mode": "multi-single",
    "train_size": 625,
    "train_gen": null,
    "test_gen": "BigGAN",
    "seed": 42,
    "metrics": {
        "accuracy": 0.9157,
        "precision": 0.8751127955242736,
        "recall": 0.9698,
        "f1": 0.9200265629446922,
        "roc_auc": 0.98095396,
        "n_test": 10000,
        "feature_dim_before": 500
    }
}