{
    "mode": "multi-single",
    "train_size": 30,
    "train_gen": null,
    "test_gen": "glide",
    "seed": 42,
    "metrics": {
        "accuracy": 0.8421,
        "precision": 0.8311713455953533,
        "recall": 0.8586,
        "f1": 0.8446630595179537,
        "roc_auc": 0.92158562,
        "n_test": 10000,
        "feature_dim_before": 500
    }
}