{
    "mode": "multi-single",
    "train_size": 300,
    "train_gen": null,
    "test_gen": "ADM",
    "seed": 42,
    "metrics": {
        "accuracy": 0.7348,
        "precision": 0.8197167755991286,
        "recall": 0.602,
        "f1": 0.6941881918819188,
        "roc_auc": 0.83360392,
        "n_test": 10000,
        "feature_dim_before": 500
    }
}