{
    "mode": "multi-single",
    "train_size": 75,
    "train_gen": null,
    "test_gen": "glide",
    "seed": 42,
    "metrics": {
        "accuracy": 0.8687,
        "precision": 0.843232172779743,
        "recall": 0.9058,
        "f1": 0.8733969723266801,
        "roc_auc": 0.9460504,
        "n_test": 10000,
        "feature_dim_before": 500
    }
}