{
    "mode": "multi-single",
    "train_size": 625,
    "train_gen": null,
    "test_gen": "stable_diffusion_v_1_5",
    "seed": 42,
    "metrics": {
        "accuracy": 0.8969,
        "precision": 0.8707266953110405,
        "recall": 0.9322,
        "f1": 0.9004153385492127,
        "roc_auc": 0.96490106,
        "n_test": 10000,
        "feature_dim_before": 500
    }
}