{
    "mode": "multi-single",
    "train_size": 150,
    "train_gen": null,
    "test_gen": "ADM",
    "seed": 42,
    "metrics": {
        "accuracy": 0.703,
        "precision": 0.7891737891737892,
        "recall": 0.554,
        "f1": 0.6509988249118684,
        "roc_auc": 0.79704394,
        "n_test": 10000,
        "feature_dim_before": 500
    }
}