{
    "mode": "multi-single",
    "train_size": 25,
    "train_gen": null,
    "test_gen": "VQDM",
    "seed": 42,
    "metrics": {
        "accuracy": 0.7732,
        "precision": 0.7860134003350083,
        "recall": 0.7508,
        "f1": 0.7680032733224222,
        "roc_auc": 0.8538264,
        "n_test": 10000,
        "feature_dim_before": 500
    }
}