{
    "mode": "multi-single",
    "train_size": 75,
    "train_gen": null,
    "test_gen": "BigGAN",
    "seed": 42,
    "metrics": {
        "accuracy": 0.8704,
        "precision": 0.8437268002969562,
        "recall": 0.9092,
        "f1": 0.875240662302657,
        "roc_auc": 0.94915254,
        "n_test": 10000,
        "feature_dim_before": 500
    }
}