{
    "mode": "multi-single",
    "train_size": 625,
    "train_gen": null,
    "test_gen": "wukong",
    "seed": 42,
    "metrics": {
        "accuracy": 0.8817,
        "precision": 0.8669486637185156,
        "recall": 0.9018,
        "f1": 0.8840309773551612,
        "roc_auc": 0.9532844000000001,
        "n_test": 10000,
        "feature_dim_before": 500
    }
}