{
    "mode": "multi-single",
    "train_size": 30,
    "train_gen": null,
    "test_gen": "wukong",
    "seed": 42,
    "metrics": {
        "accuracy": 0.8179,
        "precision": 0.8228722323786309,
        "recall": 0.8102,
        "f1": 0.8164869495112366,
        "roc_auc": 0.8952866799999999,
        "n_test": 10000,
        "feature_dim_before": 500
    }
}