{
    "mode": "multi-single",
    "train_size": 75,
    "train_gen": null,
    "test_gen": "Midjourney",
    "seed": 42,
    "metrics": {
        "accuracy": 0.8191,
        "precision": 0.8272820512820512,
        "recall": 0.8066,
        "f1": 0.8168101265822785,
        "roc_auc": 0.89966056,
        "n_test": 10000,
        "feature_dim_before": 500
    }
}