{
    "mode": "multi-single",
    "train_size": 625,
    "train_gen": null,
    "test_gen": "Midjourney",
    "seed": 42,
    "metrics": {
        "accuracy": 0.8633,
        "precision": 0.8620689655172413,
        "recall": 0.865,
        "f1": 0.8635319956074673,
        "roc_auc": 0.9387945,
        "n_test": 10000,
        "feature_dim_before": 500
    }
}