{
    "mode": "multi-single",
    "train_size": 30,
    "train_gen": null,
    "test_gen": "ADM",
    "seed": 42,
    "metrics": {
        "accuracy": 0.665,
        "precision": 0.7430760164997053,
        "recall": 0.5044,
        "f1": 0.6009054086252085,
        "roc_auc": 0.7403996399999999,
        "n_test": 10000,
        "feature_dim_before": 500
    }
}