{
    "mode": "multi-single",
    "train_size": 30,
    "train_gen": null,
    "test_gen": "stable_diffusion_v_1_4",
    "seed": 42,
    "metrics": {
        "accuracy": 0.8303,
        "precision": 0.8272240935209035,
        "recall": 0.835,
        "f1": 0.8310938588633423,
        "roc_auc": 0.9071092999999999,
        "n_test": 10000,
        "feature_dim_before": 500
    }
}