{
    "mode": "multi-single",
    "train_size": 150,
    "train_gen": null,
    "test_gen": "VQDM",
    "seed": 42,
    "metrics": {
        "accuracy": 0.8495,
        "precision": 0.8512562814070351,
        "recall": 0.847,
        "f1": 0.8491228070175438,
        "roc_auc": 0.9281214799999999,
        "n_test": 10000,
        "feature_dim_before": 500
    }
}