{
    "mode": "multi-single",
    "train_size": 300,
    "train_gen": null,
    "test_gen": "wukong",
    "seed": 42,
    "metrics": {
        "accuracy": 0.8776,
        "precision": 0.8701960784313726,
        "recall": 0.8876,
        "f1": 0.8788118811881188,
        "roc_auc": 0.94722158,
        "n_test": 10000,
        "feature_dim_before": 500
    }
}