{
    "mode": "single-single",
    "train_size": 25,
    "train_gen": "Midjourney",
    "test_gen": "VQDM",
    "seed": 42,
    "metrics": {
        "accuracy": 0.7293,
        "precision": 0.8059781158259941,
        "recall": 0.604,
        "f1": 0.6905224648450897,
        "roc_auc": 0.8046376199999999,
        "n_test": 10000,
        "feature_dim_before": 500
    }
}