{
    "mode": "single-single",
    "train_size": 30,
    "train_gen": "glide",
    "test_gen": "wukong",
    "seed": 42,
    "metrics": {
        "accuracy": 0.7448,
        "precision": 0.8066132264529058,
        "recall": 0.644,
        "f1": 0.7161921708185054,
        "roc_auc": 0.8254094399999999,
        "n_test": 10000,
        "feature_dim_before": 500
    }
}