{
    "mode": "single-single",
    "train_size": 75,
    "train_gen": "glide",
    "test_gen": "wukong",
    "seed": 42,
    "metrics": {
        "accuracy": 0.7511,
        "precision": 0.8094651220113385,
        "recall": 0.6568,
        "f1": 0.7251849398255493,
        "roc_auc": 0.83952048,
        "n_test": 10000,
        "feature_dim_before": 500
    }
}