{
    "mode": "single-single",
    "train_size": 150,
    "train_gen": "stable_diffusion_v_1_4",
    "test_gen": "BigGAN",
    "seed": 42,
    "metrics": {
        "accuracy": 0.603,
        "precision": 0.7225583405358686,
        "recall": 0.3344,
        "f1": 0.45720535958435876,
        "roc_auc": 0.70266036,
        "n_test": 10000,
        "feature_dim_before": 500
    }
}