{
    "mode": "single-single",
    "train_size": 625,
    "train_gen": "glide",
    "test_gen": "stable_diffusion_v_1_4",
    "seed": 42,
    "metrics": {
        "accuracy": 0.7337,
        "precision": 0.8855163312438139,
        "recall": 0.5368,
        "f1": 0.6684099115925788,
        "roc_auc": 0.87183122,
        "n_test": 10000,
        "feature_dim_before": 500
    }
}