{
    "mode": "single-single",
    "train_size": 625,
    "train_gen": "VQDM",
    "test_gen": "wukong",
    "seed": 42,
    "metrics": {
        "accuracy": 0.6264,
        "precision": 0.8217922606924644,
        "recall": 0.3228,
        "f1": 0.46352670878805285,
        "roc_auc": 0.7677195,
        "n_test": 10000,
        "feature_dim_before": 500
    }
}