{
    "mode": "single-single",
    "train_size": 25,
    "train_gen": "wukong",
    "test_gen": "BigGAN",
    "seed": 42,
    "metrics": {
        "accuracy": 0.8275,
        "precision": 0.8560556642748424,
        "recall": 0.7874,
        "f1": 0.8202937806021461,
        "roc_auc": 0.9069411399999999,
        "n_test": 10000,
        "feature_dim_before": 500
    }
}