{
    "mode": "single-single",
    "train_size": 150,
    "train_gen": "ADM",
    "test_gen": "Midjourney",
    "seed": 42,
    "metrics": {
        "accuracy": 0.5846,
        "precision": 0.6116684266103485,
        "recall": 0.4634,
        "f1": 0.5273099681383705,
        "roc_auc": 0.62400984,
        "n_test": 10000,
        "feature_dim_before": 500
    }
}