{
    "mode": "single-single",
    "train_size": 25,
    "train_gen": "stable_diffusion_v_1_4",
    "test_gen": "wukong",
    "seed": 42,
    "metrics": {
        "accuracy": 0.7995,
        "precision": 0.8237837837837838,
        "recall": 0.762,
        "f1": 0.7916883116883117,
        "roc_auc": 0.8816588200000001,
        "n_test": 10000,
        "feature_dim_before": 500
    }
}