{
    "mode": "single-single",
    "train_size": 300,
    "train_gen": "glide",
    "test_gen": "glide",
    "seed": 42,
    "metrics": {
        "accuracy": 0.9165,
        "precision": 0.9066588556922476,
        "recall": 0.9286,
        "f1": 0.9174982709218457,
        "roc_auc": 0.97502744,
        "n_test": 10000,
        "feature_dim_before": 500
    }
}