{
    "mode": "single-single",
    "train_size": 30,
    "train_gen": "wukong",
    "test_gen": "ADM",
    "seed": 42,
    "metrics": {
        "accuracy": 0.6134,
        "precision": 0.639792899408284,
        "recall": 0.519,
        "f1": 0.5731007067137809,
        "roc_auc": 0.6521089000000001,
        "n_test": 10000,
        "feature_dim_before": 500
    }
}