{
    "mode": "single-single",
    "train_size": 300,
    "train_gen": "VQDM",
    "test_gen": "stable_diffusion_v_1_5",
    "seed": 42,
    "metrics": {
        "accuracy": 0.6179,
        "precision": 0.7868613138686131,
        "recall": 0.3234,
        "f1": 0.45839829907866764,
        "roc_auc": 0.7429117,
        "n_test": 10000,
        "feature_dim_before": 500
    }
}