{
    "mode": "single-single",
    "train_size": 30,
    "train_gen": "Midjourney",
    "test_gen": "glide",
    "seed": 42,
    "metrics": {
        "accuracy": 0.7872,
        "precision": 0.7561541205850874,
        "recall": 0.8478,
        "f1": 0.7993588534791627,
        "roc_auc": 0.88043948,
        "n_test": 10000,
        "feature_dim_before": 500
    }
}