{
    "mode": "single-single",
    "train_size": 30,
    "train_gen": "glide",
    "test_gen": "Midjourney",
    "seed": 42,
    "metrics": {
        "accuracy": 0.7276,
        "precision": 0.7979057591623037,
        "recall": 0.6096,
        "f1": 0.691156462585034,
        "roc_auc": 0.8033879,
        "n_test": 10000,
        "feature_dim_before": 500
    }
}