{
    "mode": "single-single",
    "train_size": 150,
    "train_gen": "VQDM",
    "test_gen": "wukong",
    "seed": 42,
    "metrics": {
        "accuracy": 0.5881,
        "precision": 0.717745921898171,
        "recall": 0.2904,
        "f1": 0.41349850491243056,
        "roc_auc": 0.68240738,
        "n_test": 10000,
        "feature_dim_before": 500
    }
}