{
    "mode": "single-single",
    "train_size": 300,
    "train_gen": "wukong",
    "test_gen": "ADM",
    "seed": 42,
    "metrics": {
        "accuracy": 0.5853,
        "precision": 0.6913414087034545,
        "recall": 0.3082,
        "f1": 0.42633835938580716,
        "roc_auc": 0.63452852,
        "n_test": 10000,
        "feature_dim_before": 500
    }
}