{
    "mode": "single-single",
    "train_size": 25,
    "train_gen": "VQDM",
    "test_gen": "stable_diffusion_v_1_5",
    "seed": 42,
    "metrics": {
        "accuracy": 0.7337,
        "precision": 0.840174672489083,
        "recall": 0.5772,
        "f1": 0.6842916419679905,
        "roc_auc": 0.8397027800000001,
        "n_test": 10000,
        "feature_dim_before": 500
    }
}