{
    "mode": "single-single",
    "train_size": 300,
    "train_gen": "stable_diffusion_v_1_5",
    "test_gen": "wukong",
    "seed": 42,
    "metrics": {
        "accuracy": 0.8379,
        "precision": 0.8648240120924207,
        "recall": 0.801,
        "f1": 0.8316893365174955,
        "roc_auc": 0.91512202,
        "n_test": 10000,
        "feature_dim_before": 500
    }
}