{
    "mode": "single-single",
    "train_size": 30,
    "train_gen": "Midjourney",
    "test_gen": "VQDM",
    "seed": 42,
    "metrics": {
        "accuracy": 0.708,
        "precision": 0.7160365600332363,
        "recall": 0.6894,
        "f1": 0.7024658650906868,
        "roc_auc": 0.77893306,
        "n_test": 10000,
        "feature_dim_before": 500
    }
}