{
    "mode": "single-single",
    "train_size": 150,
    "train_gen": "stable_diffusion_v_1_5",
    "test_gen": "Midjourney",
    "seed": 42,
    "metrics": {
        "accuracy": 0.8355,
        "precision": 0.8533810827891299,
        "recall": 0.8102,
        "f1": 0.8312301220888478,
        "roc_auc": 0.9111601400000001,
        "n_test": 10000,
        "feature_dim_before": 500
    }
}