{
    "mode": "single-single",
    "train_size": 625,
    "train_gen": "wukong",
    "test_gen": "glide",
    "seed": 42,
    "metrics": {
        "accuracy": 0.798,
        "precision": 0.8571428571428571,
        "recall": 0.7152,
        "f1": 0.7797645006541648,
        "roc_auc": 0.88395686,
        "n_test": 10000,
        "feature_dim_before": 500
    }
}