{
    "mode": "single-single",
    "train_size": 625,
    "train_gen": "stable_diffusion_v_1_5",
    "test_gen": "stable_diffusion_v_1_5",
    "seed": 42,
    "metrics": {
        "accuracy": 0.907,
        "precision": 0.8990196078431373,
        "recall": 0.917,
        "f1": 0.907920792079208,
        "roc_auc": 0.9696783999999998,
        "n_test": 10000,
        "feature_dim_before": 500
    }
}