{
    "mode": "single-single",
    "train_size": 150,
    "train_gen": "glide",
    "test_gen": "stable_diffusion_v_1_5",
    "seed": 42,
    "metrics": {
        "accuracy": 0.7051,
        "precision": 0.8020618556701031,
        "recall": 0.5446,
        "f1": 0.6487194758784991,
        "roc_auc": 0.8045496,
        "n_test": 10000,
        "feature_dim_before": 500
    }
}