{
    "mode": "single-single",
    "train_size": 150,
    "train_gen": "BigGAN",
    "test_gen": "stable_diffusion_v_1_4",
    "seed": 42,
    "metrics": {
        "accuracy": 0.5597,
        "precision": 0.7946692991115498,
        "recall": 0.161,
        "f1": 0.26775320139697323,
        "roc_auc": 0.7359846400000001,
        "n_test": 10000,
        "feature_dim_before": 500
    }
}