{
    "mode": "single-single",
    "train_size": 150,
    "train_gen": "BigGAN",
    "test_gen": "glide",
    "seed": 42,
    "metrics": {
        "accuracy": 0.733,
        "precision": 0.9242534595775673,
        "recall": 0.5076,
        "f1": 0.6553059643687065,
        "roc_auc": 0.88441982,
        "n_test": 10000,
        "feature_dim_before": 500
    }
}