{
    "mode": "single-single",
    "train_size": 30,
    "train_gen": "glide",
    "test_gen": "stable_diffusion_v_1_4",
    "seed": 42,
    "metrics": {
        "accuracy": 0.7463,
        "precision": 0.8073371599700524,
        "recall": 0.647,
        "f1": 0.7183301876318419,
        "roc_auc": 0.82633102,
        "n_test": 10000,
        "feature_dim_before": 500
    }
}