{
    "mode": "single-single",
    "train_size": 625,
    "train_gen": "BigGAN",
    "test_gen": "stable_diffusion_v_1_5",
    "seed": 42,
    "metrics": {
        "accuracy": 0.5246,
        "precision": 0.8342391304347826,
        "recall": 0.0614,
        "f1": 0.11438152011922503,
        "roc_auc": 0.7578852800000001,
        "n_test": 10000,
        "feature_dim_before": 500
    }
}