{
    "mode": "single-single",
    "train_size": 300,
    "train_gen": "Midjourney",
    "test_gen": "wukong",
    "seed": 42,
    "metrics": {
        "accuracy": 0.7676,
        "precision": 0.8537810682178741,
        "recall": 0.6458,
        "f1": 0.7353677977681622,
        "roc_auc": 0.86300358,
        "n_test": 10000,
        "feature_dim_before": 500
    }
}