{
    "mode": "single-single",
    "train_size": 75,
    "train_gen": "wukong",
    "test_gen": "glide",
    "seed": 42,
    "metrics": {
        "accuracy": 0.8107,
        "precision": 0.811385047103628,
        "recall": 0.8096,
        "f1": 0.8104915406947643,
        "roc_auc": 0.8907030999999999,
        "n_test": 10000,
        "feature_dim_before": 500
    }
}