{
    "mode": "single-single",
    "train_size": 300,
    "train_gen": "stable_diffusion_v_1_4",
    "test_gen": "VQDM",
    "seed": 42,
    "metrics": {
        "accuracy": 0.617,
        "precision": 0.7525906735751295,
        "recall": 0.3486,
        "f1": 0.4764898851831602,
        "roc_auc": 0.71172486,
        "n_test": 10000,
        "feature_dim_before": 500
    }
}