{
    "mode": "single-single",
    "train_size": 300,
    "train_gen": "Midjourney",
    "test_gen": "VQDM",
    "seed": 42,
    "metrics": {
        "accuracy": 0.517,
        "precision": 0.5666144200626959,
        "recall": 0.1446,
        "f1": 0.2304015296367113,
        "roc_auc": 0.5517457,
        "n_test": 10000,
        "feature_dim_before": 500
    }
}