{
    "mode": "single-single",
    "train_size": 25,
    "train_gen": "stable_diffusion_v_1_5",
    "test_gen": "BigGAN",
    "seed": 42,
    "metrics": {
        "accuracy": 0.8238,
        "precision": 0.8247091857200161,
        "recall": 0.8224,
        "f1": 0.8235529741638293,
        "roc_auc": 0.9012884800000001,
        "n_test": 10000,
        "feature_dim_before": 500
    }
}