{
    "mode": "single-single",
    "train_size": 150,
    "train_gen": "Midjourney",
    "test_gen": "stable_diffusion_v_1_4",
    "seed": 42,
    "metrics": {
        "accuracy": 0.7947,
        "precision": 0.849253377577625,
        "recall": 0.7166,
        "f1": 0.7773077340275518,
        "roc_auc": 0.8819493599999999,
        "n_test": 10000,
        "feature_dim_before": 500
    }
}