{
    "mode": "single-single",
    "train_size": 25,
    "train_gen": "wukong",
    "test_gen": "VQDM",
    "seed": 42,
    "metrics": {
        "accuracy": 0.7517,
        "precision": 0.8276490497266337,
        "recall": 0.6358,
        "f1": 0.7191494174867097,
        "roc_auc": 0.83928942,
        "n_test": 10000,
        "feature_dim_before": 500
    }
}