{
    "mode": "single-single",
    "train_size": 25,
    "train_gen": "stable_diffusion_v_1_4",
    "test_gen": "glide",
    "seed": 42,
    "metrics": {
        "accuracy": 0.8102,
        "precision": 0.8277683854606932,
        "recall": 0.7834,
        "f1": 0.8049732840115085,
        "roc_auc": 0.88594544,
        "n_test": 10000,
        "feature_dim_before": 500
    }
}