{
    "mode": "single-single",
    "train_size": 25,
    "train_gen": "ADM",
    "test_gen": "BigGAN",
    "seed": 42,
    "metrics": {
        "accuracy": 0.5686,
        "precision": 0.5697437982919886,
        "recall": 0.5604,
        "f1": 0.5650332728372656,
        "roc_auc": 0.59519172,
        "n_test": 10000,
        "feature_dim_before": 500
    }
}