{
    "mode": "single-single",
    "train_size": 300,
    "train_gen": "wukong",
    "test_gen": "stable_diffusion_v_1_5",
    "seed": 42,
    "metrics": {
        "accuracy": 0.8681,
        "precision": 0.8639509590666403,
        "recall": 0.8738,
        "f1": 0.8688475688575121,
        "roc_auc": 0.94199564,
        "n_test": 10000,
        "feature_dim_before": 500
    }
}