{
    "mode": "single-single",
    "train_size": 30,
    "train_gen": "stable_diffusion_v_1_4",
    "test_gen": "BigGAN",
    "seed": 42,
    "metrics": {
        "accuracy": 0.7998,
        "precision": 0.7688307030129125,
        "recall": 0.8574,
        "f1": 0.8107034795763994,
        "roc_auc": 0.8949859800000001,
        "n_test": 10000,
        "feature_dim_before": 500
    }
}