{
    "mode": "single-single",
    "train_size": 25,
    "train_gen": "VQDM",
    "test_gen": "stable_diffusion_v_1_4",
    "seed": 42,
    "metrics": {
        "accuracy": 0.7388,
        "precision": 0.842512908777969,
        "recall": 0.5874,
        "f1": 0.6921989158614188,
        "roc_auc": 0.84126776,
        "n_test": 10000,
        "feature_dim_before": 500
    }
}