{
    "mode": "single-single",
    "train_size": 625,
    "train_gen": "stable_diffusion_v_1_4",
    "test_gen": "glide",
    "seed": 42,
    "metrics": {
        "accuracy": 0.7584,
        "precision": 0.8537787513691129,
        "recall": 0.6236,
        "f1": 0.7207582061950994,
        "roc_auc": 0.86241378,
        "n_test": 10000,
        "feature_dim_before": 500
    }
}