{
    "mode": "single-single",
    "train_size": 300,
    "train_gen": "BigGAN",
    "test_gen": "wukong",
    "seed": 42,
    "metrics": {
        "accuracy": 0.5229,
        "precision": 0.789873417721519,
        "recall": 0.0624,
        "f1": 0.11566265060240964,
        "roc_auc": 0.73421994,
        "n_test": 10000,
        "feature_dim_before": 500
    }
}