{
    "mode": "single-single",
    "train_size": 30,
    "train_gen": "BigGAN",
    "test_gen": "BigGAN",
    "seed": 42,
    "metrics": {
        "accuracy": 0.8814,
        "precision": 0.894824016563147,
        "recall": 0.8644,
        "f1": 0.8793489318413021,
        "roc_auc": 0.95324308,
        "n_test": 10000,
        "feature_dim_before": 500
    }
}