{
    "mode": "single-single",
    "train_size": 30,
    "train_gen": "Midjourney",
    "test_gen": "stable_diffusion_v_1_5",
    "seed": 42,
    "metrics": {
        "accuracy": 0.7464,
        "precision": 0.7370142362447095,
        "recall": 0.7662,
        "f1": 0.751323788978231,
        "roc_auc": 0.8284701400000001,
        "n_test": 10000,
        "feature_dim_before": 500
    }
}