{
    "mode": "single-single",
    "train_size": 625,
    "train_gen": "wukong",
    "test_gen": "wukong",
    "seed": 42,
    "metrics": {
        "accuracy": 0.8905,
        "precision": 0.8830684716499901,
        "recall": 0.9002,
        "f1": 0.8915519461226107,
        "roc_auc": 0.95881108,
        "n_test": 10000,
        "feature_dim_before": 500
    }
}