{
    "mode": "single-single",
    "train_size": 75,
    "train_gen": "VQDM",
    "test_gen": "glide",
    "seed": 42,
    "metrics": {
        "accuracy": 0.7234,
        "precision": 0.819325328759291,
        "recall": 0.5732,
        "f1": 0.6745116497999529,
        "roc_auc": 0.8142132800000002,
        "n_test": 10000,
        "feature_dim_before": 500
    }
}