{
    "mode": "single-single",
    "train_size": 150,
    "train_gen": "VQDM",
    "test_gen": "stable_diffusion_v_1_5",
    "seed": 42,
    "metrics": {
        "accuracy": 0.5753,
        "precision": 0.6986807387862797,
        "recall": 0.2648,
        "f1": 0.38404641044234955,
        "roc_auc": 0.66456892,
        "n_test": 10000,
        "feature_dim_before": 500
    }
}