{
    "mode": "single-single",
    "train_size": 150,
    "train_gen": "stable_diffusion_v_1_4",
    "test_gen": "VQDM",
    "seed": 42,
    "metrics": {
        "accuracy": 0.6304,
        "precision": 0.7519319938176198,
        "recall": 0.3892,
        "f1": 0.5129151291512916,
        "roc_auc": 0.72029346,
        "n_test": 10000,
        "feature_dim_before": 500
    }
}