{
    "mode": "single-single",
    "train_size": 25,
    "train_gen": "wukong",
    "test_gen": "glide",
    "seed": 42,
    "metrics": {
        "accuracy": 0.8268,
        "precision": 0.855836236933798,
        "recall": 0.786,
        "f1": 0.8194328607172644,
        "roc_auc": 0.9072246,
        "n_test": 10000,
        "feature_dim_before": 500
    }
}