{
    "mode": "single-single",
    "train_size": 75,
    "train_gen": "stable_diffusion_v_1_5",
    "test_gen": "VQDM",
    "seed": 42,
    "metrics": {
        "accuracy": 0.6435,
        "precision": 0.7434679334916865,
        "recall": 0.4382,
        "f1": 0.5514030451742796,
        "roc_auc": 0.7371500000000001,
        "n_test": 10000,
        "feature_dim_before": 500
    }
}