{
    "mode": "single-single",
    "train_size": 300,
    "train_gen": "stable_diffusion_v_1_5",
    "test_gen": "VQDM",
    "seed": 42,
    "metrics": {
        "accuracy": 0.5637,
        "precision": 0.6686077289571202,
        "recall": 0.2526,
        "f1": 0.3666715052983016,
        "roc_auc": 0.64854192,
        "n_test": 10000,
        "feature_dim_before": 500
    }
}