{
    "mode": "single-single",
    "train_size": 150,
    "train_gen": "wukong",
    "test_gen": "VQDM",
    "seed": 42,
    "metrics": {
        "accuracy": 0.6961,
        "precision": 0.7948872180451128,
        "recall": 0.5286,
        "f1": 0.6349549549549549,
        "roc_auc": 0.79320324,
        "n_test": 10000,
        "feature_dim_before": 500
    }
}