{
    "mode": "single-single",
    "train_size": 30,
    "train_gen": "wukong",
    "test_gen": "stable_diffusion_v_1_5",
    "seed": 42,
    "metrics": {
        "accuracy": 0.7592,
        "precision": 0.735038084874864,
        "recall": 0.8106,
        "f1": 0.7709720372836218,
        "roc_auc": 0.84052354,
        "n_test": 10000,
        "feature_dim_before": 500
    }
}