{
    "mode": "single-single",
    "train_size": 300,
    "train_gen": "wukong",
    "test_gen": "stable_diffusion_v_1_4",
    "seed": 42,
    "metrics": {
        "accuracy": 0.8675,
        "precision": 0.8637893486438329,
        "recall": 0.8726,
        "f1": 0.8681723211620734,
        "roc_auc": 0.94003172,
        "n_test": 10000,
        "feature_dim_before": 500
    }
}