{
    "mode": "single-single",
    "train_size": 75,
    "train_gen": "VQDM",
    "test_gen": "wukong",
    "seed": 42,
    "metrics": {
        "accuracy": 0.6157,
        "precision": 0.7389508467575382,
        "recall": 0.3578,
        "f1": 0.4821452634415847,
        "roc_auc": 0.7153438999999999,
        "n_test": 10000,
        "feature_dim_before": 500
    }
}