{
    "mode": "single-single",
    "train_size": 30,
    "train_gen": "stable_diffusion_v_1_4",
    "test_gen": "Midjourney",
    "seed": 42,
    "metrics": {
        "accuracy": 0.7676,
        "precision": 0.7546631138180434,
        "recall": 0.793,
        "f1": 0.7733567388336259,
        "roc_auc": 0.8515407399999999,
        "n_test": 10000,
        "feature_dim_before": 500
    }
}