{
    "mode": "single-single",
    "train_size": 25,
    "train_gen": "BigGAN",
    "test_gen": "VQDM",
    "seed": 42,
    "metrics": {
        "accuracy": 0.7354,
        "precision": 0.8804137039431157,
        "recall": 0.5448,
        "f1": 0.6730911786508524,
        "roc_auc": 0.84798226,
        "n_test": 10000,
        "feature_dim_before": 500
    }
}