{
    "mode": "single-single",
    "train_size": 30,
    "train_gen": "ADM",
    "test_gen": "glide",
    "seed": 42,
    "metrics": {
        "accuracy": 0.5561,
        "precision": 0.5550755939524838,
        "recall": 0.5654,
        "f1": 0.5601902308530665,
        "roc_auc": 0.5756599,
        "n_test": 10000,
        "feature_dim_before": 500
    }
}