{
    "mode": "single-single",
    "train_size": 150,
    "train_gen": "wukong",
    "test_gen": "stable_diffusion_v_1_4",
    "seed": 42,
    "metrics": {
        "accuracy": 0.8424,
        "precision": 0.8575605680868839,
        "recall": 0.8212,
        "f1": 0.8389865140988966,
        "roc_auc": 0.9219861600000001,
        "n_test": 10000,
        "feature_dim_before": 500
    }
}