{
    "mode": "single-single",
    "train_size": 625,
    "train_gen": "Midjourney",
    "test_gen": "stable_diffusion_v_1_5",
    "seed": 42,
    "metrics": {
        "accuracy": 0.8333,
        "precision": 0.8885521100489625,
        "recall": 0.7622,
        "f1": 0.8205404241576058,
        "roc_auc": 0.92329718,
        "n_test": 10000,
        "feature_dim_before": 500
    }
}