{
    "mode": "single-single",
    "train_size": 625,
    "train_gen": "VQDM",
    "test_gen": "VQDM",
    "seed": 42,
    "metrics": {
        "accuracy": 0.9369,
        "precision": 0.9309528506608798,
        "recall": 0.9438,
        "f1": 0.9373324063958685,
        "roc_auc": 0.98483198,
        "n_test": 10000,
        "feature_dim_before": 500
    }
}