{
    "mode": "single-single",
    "train_size": 300,
    "train_gen": "BigGAN",
    "test_gen": "glide",
    "seed": 42,
    "metrics": {
        "accuracy": 0.7079,
        "precision": 0.9630289532293986,
        "recall": 0.4324,
        "f1": 0.5968253968253968,
        "roc_auc": 0.91888722,
        "n_test": 10000,
        "feature_dim_before": 500
    }
}