{
    "mode": "single-single",
    "train_size": 150,
    "train_gen": "stable_diffusion_v_1_4",
    "test_gen": "wukong",
    "seed": 42,
    "metrics": {
        "accuracy": 0.8433,
        "precision": 0.8638965444138224,
        "recall": 0.815,
        "f1": 0.8387362354636204,
        "roc_auc": 0.9191342,
        "n_test": 10000,
        "feature_dim_before": 500
    }
}