{
    "mode": "single-single",
    "train_size": 300,
    "train_gen": "VQDM",
    "test_gen": "wukong",
    "seed": 42,
    "metrics": {
        "accuracy": 0.6345,
        "precision": 0.8027915353444395,
        "recall": 0.3566,
        "f1": 0.4938374186400776,
        "roc_auc": 0.7559878800000001,
        "n_test": 10000,
        "feature_dim_before": 500
    }
}