{
    "mode": "single-single",
    "train_size": 625,
    "train_gen": "stable_diffusion_v_1_4",
    "test_gen": "stable_diffusion_v_1_4",
    "seed": 42,
    "metrics": {
        "accuracy": 0.9097,
        "precision": 0.8966118102613746,
        "recall": 0.9262,
        "f1": 0.9111657648794884,
        "roc_auc": 0.9691029600000001,
        "n_test": 10000,
        "feature_dim_before": 500
    }
}