{
    "mode": "single-single",
    "train_size": 25,
    "train_gen": "BigGAN",
    "test_gen": "stable_diffusion_v_1_5",
    "seed": 42,
    "metrics": {
        "accuracy": 0.7021,
        "precision": 0.8659905831220572,
        "recall": 0.4782,
        "f1": 0.6161577116350986,
        "roc_auc": 0.8456526,
        "n_test": 10000,
        "feature_dim_before": 500
    }
}