{
    "mode": "single-single",
    "train_size": 30,
    "train_gen": "wukong",
    "test_gen": "VQDM",
    "seed": 42,
    "metrics": {
        "accuracy": 0.7152,
        "precision": 0.7120614899487584,
        "recall": 0.7226,
        "f1": 0.7172920389120508,
        "roc_auc": 0.7884774800000001,
        "n_test": 10000,
        "feature_dim_before": 500
    }
}