{
    "mode": "single-single",
    "train_size": 625,
    "train_gen": "wukong",
    "test_gen": "Midjourney",
    "seed": 42,
    "metrics": {
        "accuracy": 0.8324,
        "precision": 0.8680248007085917,
        "recall": 0.784,
        "f1": 0.8238755779739386,
        "roc_auc": 0.91602038,
        "n_test": 10000,
        "feature_dim_before": 500
    }
}