{
    "mode": "single-single",
    "train_size": 75,
    "train_gen": "glide",
    "test_gen": "ADM",
    "seed": 42,
    "metrics": {
        "accuracy": 0.644,
        "precision": 0.7411252511721367,
        "recall": 0.4426,
        "f1": 0.5542198847983972,
        "roc_auc": 0.70375984,
        "n_test": 10000,
        "feature_dim_before": 500
    }
}