{
    "mode": "single-single",
    "train_size": 75,
    "train_gen": "Midjourney",
    "test_gen": "BigGAN",
    "seed": 42,
    "metrics": {
        "accuracy": 0.5901,
        "precision": 0.671488389798249,
        "recall": 0.3528,
        "f1": 0.4625671954897076,
        "roc_auc": 0.68301996,
        "n_test": 10000,
        "feature_dim_before": 500
    }
}