{
    "mode": "single-single",
    "train_size": 25,
    "train_gen": "Midjourney",
    "test_gen": "stable_diffusion_v_1_4",
    "seed": 42,
    "metrics": {
        "accuracy": 0.7882,
        "precision": 0.8323339483394834,
        "recall": 0.7218,
        "f1": 0.7731362467866324,
        "roc_auc": 0.8799222400000001,
        "n_test": 10000,
        "feature_dim_before": 500
    }
}