{
    "mode": "single-single",
    "train_size": 75,
    "train_gen": "VQDM",
    "test_gen": "VQDM",
    "seed": 42,
    "metrics": {
        "accuracy": 0.8367,
        "precision": 0.8635283955949039,
        "recall": 0.7998,
        "f1": 0.830443359983387,
        "roc_auc": 0.91575424,
        "n_test": 10000,
        "feature_dim_before": 500
    }
}