{
    "mode": "single-single",
    "train_size": 75,
    "train_gen": "Midjourney",
    "test_gen": "wukong",
    "seed": 42,
    "metrics": {
        "accuracy": 0.75,
        "precision": 0.7957879791765262,
        "recall": 0.6726,
        "f1": 0.7290266637762844,
        "roc_auc": 0.83936646,
        "n_test": 10000,
        "feature_dim_before": 500
    }
}