{
    "mode": "single-single",
    "train_size": 300,
    "train_gen": "BigGAN",
    "test_gen": "stable_diffusion_v_1_4",
    "seed": 42,
    "metrics": {
        "accuracy": 0.5157,
        "precision": 0.7430340557275542,
        "recall": 0.048,
        "f1": 0.09017471350742062,
        "roc_auc": 0.72374034,
        "n_test": 10000,
        "feature_dim_before": 500
    }
}