{
    "mode": "single-single",
    "train_size": 30,
    "train_gen": "wukong",
    "test_gen": "glide",
    "seed": 42,
    "metrics": {
        "accuracy": 0.7801,
        "precision": 0.7447143106762187,
        "recall": 0.8524,
        "f1": 0.7949267928751282,
        "roc_auc": 0.8695599,
        "n_test": 10000,
        "feature_dim_before": 500
    }
}