{
    "mode": "single-single",
    "train_size": 300,
    "train_gen": "stable_diffusion_v_1_4",
    "test_gen": "BigGAN",
    "seed": 42,
    "metrics": {
        "accuracy": 0.5467,
        "precision": 0.6447613143211407,
        "recall": 0.208,
        "f1": 0.31453198245879327,
        "roc_auc": 0.66056656,
        "n_test": 10000,
        "feature_dim_before": 500
    }
}