{
    "mode": "single-single",
    "train_size": 300,
    "train_gen": "stable_diffusion_v_1_5",
    "test_gen": "glide",
    "seed": 42,
    "metrics": {
        "accuracy": 0.7373,
        "precision": 0.8273103448275863,
        "recall": 0.5998,
        "f1": 0.6954202898550724,
        "roc_auc": 0.8359242800000002,
        "n_test": 10000,
        "feature_dim_before": 500
    }
}