{
    "mode": "single-single",
    "train_size": 625,
    "train_gen": "stable_diffusion_v_1_4",
    "test_gen": "BigGAN",
    "seed": 42,
    "metrics": {
        "accuracy": 0.557,
        "precision": 0.673992673992674,
        "recall": 0.2208,
        "f1": 0.3326303103344381,
        "roc_auc": 0.6962626399999999,
        "n_test": 10000,
        "feature_dim_before": 500
    }
}