{
    "mode": "single-single",
    "train_size": 30,
    "train_gen": "VQDM",
    "test_gen": "BigGAN",
    "seed": 42,
    "metrics": {
        "accuracy": 0.8605,
        "precision": 0.8584211572877312,
        "recall": 0.8634,
        "f1": 0.8609033801974275,
        "roc_auc": 0.9406879199999999,
        "n_test": 10000,
        "feature_dim_before": 500
    }
}