{
    "mode": "single-single",
    "train_size": 300,
    "train_gen": "Midjourney",
    "test_gen": "glide",
    "seed": 42,
    "metrics": {
        "accuracy": 0.736,
        "precision": 0.8404500865551068,
        "recall": 0.5826,
        "f1": 0.6881644223954642,
        "roc_auc": 0.83414158,
        "n_test": 10000,
        "feature_dim_before": 500
    }
}