{
    "mode": "single-single",
    "train_size": 300,
    "train_gen": "stable_diffusion_v_1_5",
    "test_gen": "ADM",
    "seed": 42,
    "metrics": {
        "accuracy": 0.5251,
        "precision": 0.5834996673320026,
        "recall": 0.1754,
        "f1": 0.2697216669229586,
        "roc_auc": 0.55049268,
        "n_test": 10000,
        "feature_dim_before": 500
    }
}