{
    "mode": "single-single",
    "train_size": 625,
    "train_gen": "stable_diffusion_v_1_5",
    "test_gen": "BigGAN",
    "seed": 42,
    "metrics": {
        "accuracy": 0.5185,
        "precision": 0.5761316872427984,
        "recall": 0.14,
        "f1": 0.2252614641995173,
        "roc_auc": 0.6780155999999999,
        "n_test": 10000,
        "feature_dim_before": 500
    }
}