{
    "mode": "single-single",
    "train_size": 30,
    "train_gen": "wukong",
    "test_gen": "wukong",
    "seed": 42,
    "metrics": {
        "accuracy": 0.7562,
        "precision": 0.7335886214442013,
        "recall": 0.8046,
        "f1": 0.7674551697825257,
        "roc_auc": 0.84129878,
        "n_test": 10000,
        "feature_dim_before": 500
    }
}