{
    "mode": "single-single",
    "train_size": 150,
    "train_gen": "stable_diffusion_v_1_5",
    "test_gen": "ADM",
    "seed": 42,
    "metrics": {
        "accuracy": 0.5292,
        "precision": 0.5866983372921615,
        "recall": 0.1976,
        "f1": 0.2956313584679832,
        "roc_auc": 0.54468962,
        "n_test": 10000,
        "feature_dim_before": 500
    }
}