{
    "mode": "single-single",
    "train_size": 625,
    "train_gen": "Midjourney",
    "test_gen": "BigGAN",
    "seed": 42,
    "metrics": {
        "accuracy": 0.4984,
        "precision": 0.49148936170212765,
        "recall": 0.0924,
        "f1": 0.15555555555555556,
        "roc_auc": 0.58750742,
        "n_test": 10000,
        "feature_dim_before": 500
    }
}