{
    "mode": "single-single",
    "train_size": 625,
    "train_gen": "Midjourney",
    "test_gen": "Midjourney",
    "seed": 42,
    "metrics": {
        "accuracy": 0.9136,
        "precision": 0.906127258444619,
        "recall": 0.9228,
        "f1": 0.9143876337693222,
        "roc_auc": 0.9739936199999998,
        "n_test": 10000,
        "feature_dim_before": 500
    }
}