{
    "mode": "single-single",
    "train_size": 150,
    "train_gen": "Midjourney",
    "test_gen": "Midjourney",
    "seed": 42,
    "metrics": {
        "accuracy": 0.8542,
        "precision": 0.8678853344412131,
        "recall": 0.8356,
        "f1": 0.8514367230487059,
        "roc_auc": 0.9299923399999999,
        "n_test": 10000,
        "feature_dim_before": 500
    }
}