{
    "mode": "single-single",
    "train_size": 75,
    "train_gen": "glide",
    "test_gen": "BigGAN",
    "seed": 42,
    "metrics": {
        "accuracy": 0.8338,
        "precision": 0.8417280917280917,
        "recall": 0.8222,
        "f1": 0.8318494536624849,
        "roc_auc": 0.9124497800000001,
        "n_test": 10000,
        "feature_dim_before": 500
    }
}