{
    "mode": "single-single",
    "train_size": 625,
    "train_gen": "stable_diffusion_v_1_5",
    "test_gen": "wukong",
    "seed": 42,
    "metrics": {
        "accuracy": 0.8638,
        "precision": 0.8896743787489289,
        "recall": 0.8306,
        "f1": 0.8591228796028134,
        "roc_auc": 0.94005706,
        "n_test": 10000,
        "feature_dim_before": 500
    }
}