{
    "mode": "single-single",
    "train_size": 625,
    "train_gen": "VQDM",
    "test_gen": "Midjourney",
    "seed": 42,
    "metrics": {
        "accuracy": 0.523,
        "precision": 0.6236559139784946,
        "recall": 0.116,
        "f1": 0.19561551433389546,
        "roc_auc": 0.6179617399999999,
        "n_test": 10000,
        "feature_dim_before": 500
    }
}