{
    "mode": "single-single",
    "train_size": 75,
    "train_gen": "wukong",
    "test_gen": "wukong",
    "seed": 42,
    "metrics": {
        "accuracy": 0.7994,
        "precision": 0.80701394585726,
        "recall": 0.787,
        "f1": 0.796881328473066,
        "roc_auc": 0.8825373000000001,
        "n_test": 10000,
        "feature_dim_before": 500
    }
}