{
    "mode": "single-single",
    "train_size": 30,
    "train_gen": "Midjourney",
    "test_gen": "ADM",
    "seed": 42,
    "metrics": {
        "accuracy": 0.6235,
        "precision": 0.655580750818846,
        "recall": 0.5204,
        "f1": 0.5802207603969227,
        "roc_auc": 0.6686517000000001,
        "n_test": 10000,
        "feature_dim_before": 500
    }
}