{
    "mode": "single-single",
    "train_size": 300,
    "train_gen": "BigGAN",
    "test_gen": "Midjourney",
    "seed": 42,
    "metrics": {
        "accuracy": 0.5128,
        "precision": 0.717687074829932,
        "recall": 0.0422,
        "f1": 0.07971288250850019,
        "roc_auc": 0.6996534,
        "n_test": 10000,
        "feature_dim_before": 500
    }
}