{
    "mode": "single-single",
    "train_size": 75,
    "train_gen": "VQDM",
    "test_gen": "stable_diffusion_v_1_5",
    "seed": 42,
    "metrics": {
        "accuracy": 0.5886,
        "precision": 0.706046511627907,
        "recall": 0.3036,
        "f1": 0.4246153846153846,
        "roc_auc": 0.68669414,
        "n_test": 10000,
        "feature_dim_before": 500
    }
}