{
    "mode": "single-single",
    "train_size": 625,
    "train_gen": "stable_diffusion_v_1_4",
    "test_gen": "wukong",
    "seed": 42,
    "metrics": {
        "accuracy": 0.8715,
        "precision": 0.888354589169977,
        "recall": 0.8498,
        "f1": 0.8686496984565062,
        "roc_auc": 0.94186334,
        "n_test": 10000,
        "feature_dim_before": 500
    }
}