{
    "mode": "single-single",
    "train_size": 625,
    "train_gen": "VQDM",
    "test_gen": "BigGAN",
    "seed": 42,
    "metrics": {
        "accuracy": 0.8906,
        "precision": 0.9240121580547113,
        "recall": 0.8512,
        "f1": 0.8861128461378305,
        "roc_auc": 0.9613641599999998,
        "n_test": 10000,
        "feature_dim_before": 500
    }
}