{
    "mode": "single-single",
    "train_size": 25,
    "train_gen": "stable_diffusion_v_1_4",
    "test_gen": "VQDM",
    "seed": 42,
    "metrics": {
        "accuracy": 0.7401,
        "precision": 0.7978169188786901,
        "recall": 0.6432,
        "f1": 0.7122134868785295,
        "roc_auc": 0.81268666,
        "n_test": 10000,
        "feature_dim_before": 500
    }
}