{
    "mode": "single-single",
    "train_size": 75,
    "train_gen": "Midjourney",
    "test_gen": "VQDM",
    "seed": 42,
    "metrics": {
        "accuracy": 0.5707,
        "precision": 0.6452938758734074,
        "recall": 0.314,
        "f1": 0.4224404681824297,
        "roc_auc": 0.63494302,
        "n_test": 10000,
        "feature_dim_before": 500
    }
}