{
    "mode": "single-single",
    "train_size": 75,
    "train_gen": "ADM",
    "test_gen": "glide",
    "seed": 42,
    "metrics": {
        "accuracy": 0.6901,
        "precision": 0.6646457647670189,
        "recall": 0.7674,
        "f1": 0.7123363965469228,
        "roc_auc": 0.7701089600000001,
        "n_test": 10000,
        "feature_dim_before": 500
    }
}