{
    "mode": "single-single",
    "train_size": 300,
    "train_gen": "stable_diffusion_v_1_4",
    "test_gen": "stable_diffusion_v_1_4",
    "seed": 42,
    "metrics": {
        "accuracy": 0.8899,
        "precision": 0.886422200198216,
        "recall": 0.8944,
        "f1": 0.8903932304629169,
        "roc_auc": 0.9557763600000001,
        "n_test": 10000,
        "feature_dim_before": 500
    }
}