{
    "mode": "single-single",
    "train_size": 75,
    "train_gen": "BigGAN",
    "test_gen": "stable_diffusion_v_1_5",
    "seed": 42,
    "metrics": {
        "accuracy": 0.6323,
        "precision": 0.840452907874421,
        "recall": 0.3266,
        "f1": 0.4704018435834654,
        "roc_auc": 0.80775124,
        "n_test": 10000,
        "feature_dim_before": 500
    }
}