{
    "mode": "single-single",
    "train_size": 150,
    "train_gen": "VQDM",
    "test_gen": "stable_diffusion_v_1_4",
    "seed": 42,
    "metrics": {
        "accuracy": 0.5714,
        "precision": 0.6923491379310345,
        "recall": 0.257,
        "f1": 0.3748541423570595,
        "roc_auc": 0.65424176,
        "n_test": 10000,
        "feature_dim_before": 500
    }
}