{
    "mode": "single-single",
    "train_size": 30,
    "train_gen": "ADM",
    "test_gen": "stable_diffusion_v_1_4",
    "seed": 42,
    "metrics": {
        "accuracy": 0.5375,
        "precision": 0.5382107193804768,
        "recall": 0.5282,
        "f1": 0.5331583728676693,
        "roc_auc": 0.54917052,
        "n_test": 10000,
        "feature_dim_before": 500
    }
}