{
    "mode": "single-single",
    "train_size": 625,
    "train_gen": "stable_diffusion_v_1_5",
    "test_gen": "glide",
    "seed": 42,
    "metrics": {
        "accuracy": 0.7582,
        "precision": 0.8574197120708749,
        "recall": 0.6194,
        "f1": 0.7192289828146772,
        "roc_auc": 0.8680903000000001,
        "n_test": 10000,
        "feature_dim_before": 500
    }
}