{
    "mode": "single-single",
    "train_size": 25,
    "train_gen": "Midjourney",
    "test_gen": "glide",
    "seed": 42,
    "metrics": {
        "accuracy": 0.8249,
        "precision": 0.8454178184137784,
        "recall": 0.7952,
        "f1": 0.8195403483458724,
        "roc_auc": 0.89907622,
        "n_test": 10000,
        "feature_dim_before": 500
    }
}