{
    "mode": "single-single",
    "train_size": 30,
    "train_gen": "ADM",
    "test_gen": "wukong",
    "seed": 42,
    "metrics": {
        "accuracy": 0.5377,
        "precision": 0.538398859238134,
        "recall": 0.5286,
        "f1": 0.5334544353617923,
        "roc_auc": 0.54990178,
        "n_test": 10000,
        "feature_dim_before": 500
    }
}