{
    "mode": "single-single",
    "train_size": 75,
    "train_gen": "wukong",
    "test_gen": "stable_diffusion_v_1_5",
    "seed": 42,
    "metrics": {
        "accuracy": 0.7895,
        "precision": 0.8030144442118484,
        "recall": 0.7672,
        "f1": 0.7846987828577273,
        "roc_auc": 0.8761689400000001,
        "n_test": 10000,
        "feature_dim_before": 500
    }
}