{
    "mode": "single-single",
    "train_size": 625,
    "train_gen": "BigGAN",
    "test_gen": "VQDM",
    "seed": 42,
    "metrics": {
        "accuracy": 0.7394,
        "precision": 0.9757551669316376,
        "recall": 0.491,
        "f1": 0.6532730175625333,
        "roc_auc": 0.9397367400000001,
        "n_test": 10000,
        "feature_dim_before": 500
    }
}