{
    "mode": "single-single",
    "train_size": 300,
    "train_gen": "glide",
    "test_gen": "VQDM",
    "seed": 42,
    "metrics": {
        "accuracy": 0.7709,
        "precision": 0.8695770804911324,
        "recall": 0.6374,
        "f1": 0.7356030005770341,
        "roc_auc": 0.874808,
        "n_test": 10000,
        "feature_dim_before": 500
    }
}