{
    "mode": "single-single",
    "train_size": 75,
    "train_gen": "stable_diffusion_v_1_4",
    "test_gen": "VQDM",
    "seed": 42,
    "metrics": {
        "accuracy": 0.7194,
        "precision": 0.8040465631929047,
        "recall": 0.5802,
        "f1": 0.6740241635687733,
        "roc_auc": 0.8009899,
        "n_test": 10000,
        "feature_dim_before": 500
    }
}