{
    "mode": "single-single",
    "train_size": 30,
    "train_gen": "wukong",
    "test_gen": "Midjourney",
    "seed": 42,
    "metrics": {
        "accuracy": 0.7408,
        "precision": 0.7258911819887429,
        "recall": 0.7738,
        "f1": 0.749080348499516,
        "roc_auc": 0.81840282,
        "n_test": 10000,
        "feature_dim_before": 500
    }
}