{
    "mode": "single-single",
    "train_size": 25,
    "train_gen": "stable_diffusion_v_1_4",
    "test_gen": "BigGAN",
    "seed": 42,
    "metrics": {
        "accuracy": 0.8153,
        "precision": 0.8296048505122308,
        "recall": 0.7936,
        "f1": 0.8112031074312583,
        "roc_auc": 0.8880468800000001,
        "n_test": 10000,
        "feature_dim_before": 500
    }
}