{
    "mode": "single-single",
    "train_size": 25,
    "train_gen": "ADM",
    "test_gen": "stable_diffusion_v_1_5",
    "seed": 42,
    "metrics": {
        "accuracy": 0.5503,
        "precision": 0.5531151003167899,
        "recall": 0.5238,
        "f1": 0.5380585516178736,
        "roc_auc": 0.57013744,
        "n_test": 10000,
        "feature_dim_before": 500
    }
}