{
    "mode": "single-single",
    "train_size": 30,
    "train_gen": "stable_diffusion_v_1_4",
    "test_gen": "wukong",
    "seed": 42,
    "metrics": {
        "accuracy": 0.779,
        "precision": 0.7598733233979136,
        "recall": 0.8158,
        "f1": 0.7868441358024691,
        "roc_auc": 0.86775146,
        "n_test": 10000,
        "feature_dim_before": 500
    }
}