{
    "mode": "single-single",
    "train_size": 30,
    "train_gen": "wukong",
    "test_gen": "stable_diffusion_v_1_4",
    "seed": 42,
    "metrics": {
        "accuracy": 0.7572,
        "precision": 0.7340735347651984,
        "recall": 0.8066,
        "f1": 0.768629693157995,
        "roc_auc": 0.83972718,
        "n_test": 10000,
        "feature_dim_before": 500
    }
}