{
    "mode": "single-single",
    "train_size": 625,
    "train_gen": "Midjourney",
    "test_gen": "VQDM",
    "seed": 42,
    "metrics": {
        "accuracy": 0.5011,
        "precision": 0.5056876938986556,
        "recall": 0.0978,
        "f1": 0.16390145801910508,
        "roc_auc": 0.5249476,
        "n_test": 10000,
        "feature_dim_before": 500
    }
}