{
    "mode": "single-single",
    "train_size": 25,
    "train_gen": "glide",
    "test_gen": "Midjourney",
    "seed": 42,
    "metrics": {
        "accuracy": 0.7541,
        "precision": 0.8225437928408226,
        "recall": 0.648,
        "f1": 0.7249133012641235,
        "roc_auc": 0.84982146,
        "n_test": 10000,
        "feature_dim_before": 500
    }
}