{
    "mode": "single-single",
    "train_size": 30,
    "train_gen": "glide",
    "test_gen": "BigGAN",
    "seed": 42,
    "metrics": {
        "accuracy": 0.8085,
        "precision": 0.8332253186433355,
        "recall": 0.7714,
        "f1": 0.8011216117976945,
        "roc_auc": 0.8925776400000001,
        "n_test": 10000,
        "feature_dim_before": 500
    }
}