{
    "mode": "single-single",
    "train_size": 300,
    "train_gen": "ADM",
    "test_gen": "stable_diffusion_v_1_4",
    "seed": 42,
    "metrics": {
        "accuracy": 0.6287,
        "precision": 0.6615616369570675,
        "recall": 0.527,
        "f1": 0.5866636980964043,
        "roc_auc": 0.6886656,
        "n_test": 10000,
        "feature_dim_before": 500
    }
}