{
    "mode": "single-single",
    "train_size": 30,
    "train_gen": "glide",
    "test_gen": "ADM",
    "seed": 42,
    "metrics": {
        "accuracy": 0.6389,
        "precision": 0.7367882713944767,
        "recall": 0.4322,
        "f1": 0.5448128072608093,
        "roc_auc": 0.70181472,
        "n_test": 10000,
        "feature_dim_before": 500
    }
}