{
    "mode": "single-single",
    "train_size": 625,
    "train_gen": "VQDM",
    "test_gen": "stable_diffusion_v_1_5",
    "seed": 42,
    "metrics": {
        "accuracy": 0.6163,
        "precision": 0.8121309715512615,
        "recall": 0.3026,
        "f1": 0.44091505172665013,
        "roc_auc": 0.76331094,
        "n_test": 10000,
        "feature_dim_before": 500
    }
}