{
    "mode": "single-single",
    "train_size": 150,
    "train_gen": "wukong",
    "test_gen": "Midjourney",
    "seed": 42,
    "metrics": {
        "accuracy": 0.8043,
        "precision": 0.8452461992285001,
        "recall": 0.745,
        "f1": 0.7919634314871904,
        "roc_auc": 0.8886310000000001,
        "n_test": 10000,
        "feature_dim_before": 500
    }
}