{
    "mode": "single-single",
    "train_size": 300,
    "train_gen": "Midjourney",
    "test_gen": "Midjourney",
    "seed": 42,
    "metrics": {
        "accuracy": 0.8851,
        "precision": 0.8884405890659673,
        "recall": 0.8808,
        "f1": 0.8846037963241941,
        "roc_auc": 0.9560846000000001,
        "n_test": 10000,
        "feature_dim_before": 500
    }
}