{
    "mode": "single-single",
    "train_size": 30,
    "train_gen": "Midjourney",
    "test_gen": "BigGAN",
    "seed": 42,
    "metrics": {
        "accuracy": 0.795,
        "precision": 0.7595003518648838,
        "recall": 0.8634,
        "f1": 0.8081242980157245,
        "roc_auc": 0.88674848,
        "n_test": 10000,
        "feature_dim_before": 500
    }
}