{
    "mode": "single-single",
    "train_size": 150,
    "train_gen": "stable_diffusion_v_1_4",
    "test_gen": "ADM",
    "seed": 42,
    "metrics": {
        "accuracy": 0.5479,
        "precision": 0.6358479863868406,
        "recall": 0.2242,
        "f1": 0.33150968505101286,
        "roc_auc": 0.5728934,
        "n_test": 10000,
        "feature_dim_before": 500
    }
}