{
    "mode": "single-single",
    "train_size": 625,
    "train_gen": "BigGAN",
    "test_gen": "glide",
    "seed": 42,
    "metrics": {
        "accuracy": 0.7193,
        "precision": 0.9736501079913606,
        "recall": 0.4508,
        "f1": 0.6162679425837321,
        "roc_auc": 0.93594428,
        "n_test": 10000,
        "feature_dim_before": 500
    }
}