{
    "mode": "single-single",
    "train_size": 25,
    "train_gen": "ADM",
    "test_gen": "glide",
    "seed": 42,
    "metrics": {
        "accuracy": 0.5939,
        "precision": 0.5907948172500483,
        "recall": 0.611,
        "f1": 0.6007275587454528,
        "roc_auc": 0.6291161399999999,
        "n_test": 10000,
        "feature_dim_before": 500
    }
}