{
    "mode": "single-single",
    "train_size": 625,
    "train_gen": "Midjourney",
    "test_gen": "ADM",
    "seed": 42,
    "metrics": {
        "accuracy": 0.525,
        "precision": 0.603648424543947,
        "recall": 0.1456,
        "f1": 0.23461166612955206,
        "roc_auc": 0.53362798,
        "n_test": 10000,
        "feature_dim_before": 500
    }
}