{
    "mode": "single-single",
    "train_size": 300,
    "train_gen": "VQDM",
    "test_gen": "ADM",
    "seed": 42,
    "metrics": {
        "accuracy": 0.6698,
        "precision": 0.8298368298368298,
        "recall": 0.4272,
        "f1": 0.5640348560866121,
        "roc_auc": 0.7842960400000001,
        "n_test": 10000,
        "feature_dim_before": 500
    }
}