{
    "mode": "single-single",
    "train_size": 625,
    "train_gen": "BigGAN",
    "test_gen": "stable_diffusion_v_1_4",
    "seed": 42,
    "metrics": {
        "accuracy": 0.5253,
        "precision": 0.8373333333333334,
        "recall": 0.0628,
        "f1": 0.11683720930232558,
        "roc_auc": 0.76208224,
        "n_test": 10000,
        "feature_dim_before": 500
    }
}