{
    "mode": "single-single",
    "train_size": 300,
    "train_gen": "Midjourney",
    "test_gen": "BigGAN",
    "seed": 42,
    "metrics": {
        "accuracy": 0.5066,
        "precision": 0.5281569965870307,
        "recall": 0.1238,
        "f1": 0.20058327932598832,
        "roc_auc": 0.58231854,
        "n_test": 10000,
        "feature_dim_before": 500
    }
}