{
    "mode": "single-single",
    "train_size": 25,
    "train_gen": "BigGAN",
    "test_gen": "stable_diffusion_v_1_4",
    "seed": 42,
    "metrics": {
        "accuracy": 0.6997,
        "precision": 0.8648154914139569,
        "recall": 0.4734,
        "f1": 0.6118650639782861,
        "roc_auc": 0.8472277799999999,
        "n_test": 10000,
        "feature_dim_before": 500
    }
}