{
    "mode": "single-single",
    "train_size": 25,
    "train_gen": "stable_diffusion_v_1_4",
    "test_gen": "Midjourney",
    "seed": 42,
    "metrics": {
        "accuracy": 0.7602,
        "precision": 0.8074196597353497,
        "recall": 0.6834,
        "f1": 0.7402512998266898,
        "roc_auc": 0.8426173800000001,
        "n_test": 10000,
        "feature_dim_before": 500
    }
}