{
    "mode": "single-single",
    "train_size": 625,
    "train_gen": "stable_diffusion_v_1_5",
    "test_gen": "VQDM",
    "seed": 42,
    "metrics": {
        "accuracy": 0.579,
        "precision": 0.717032967032967,
        "recall": 0.261,
        "f1": 0.38269794721407624,
        "roc_auc": 0.69801888,
        "n_test": 10000,
        "feature_dim_before": 500
    }
}