{
    "mode": "single-single",
    "train_size": 25,
    "train_gen": "glide",
    "test_gen": "glide",
    "seed": 42,
    "metrics": {
        "accuracy": 0.8319,
        "precision": 0.851812592749629,
        "recall": 0.8036,
        "f1": 0.8270042194092827,
        "roc_auc": 0.9155933,
        "n_test": 10000,
        "feature_dim_before": 500
    }
}