{
    "mode": "single-single",
    "train_size": 150,
    "train_gen": "stable_diffusion_v_1_4",
    "test_gen": "stable_diffusion_v_1_5",
    "seed": 42,
    "metrics": {
        "accuracy": 0.8729,
        "precision": 0.8719329742669061,
        "recall": 0.8742,
        "f1": 0.8730650154798761,
        "roc_auc": 0.9440100400000001,
        "n_test": 10000,
        "feature_dim_before": 500
    }
}