{
    "mode": "single-single",
    "train_size": 30,
    "train_gen": "BigGAN",
    "test_gen": "stable_diffusion_v_1_4",
    "seed": 42,
    "metrics": {
        "accuracy": 0.6284,
        "precision": 0.7791304347826087,
        "recall": 0.3584,
        "f1": 0.49095890410958903,
        "roc_auc": 0.76064976,
        "n_test": 10000,
        "feature_dim_before": 500
    }
}