{
    "mode": "single-single",
    "train_size": 30,
    "train_gen": "VQDM",
    "test_gen": "ADM",
    "seed": 42,
    "metrics": {
        "accuracy": 0.6762,
        "precision": 0.7765222849968613,
        "recall": 0.4948,
        "f1": 0.6044466161739556,
        "roc_auc": 0.7506079800000001,
        "n_test": 10000,
        "feature_dim_before": 500
    }
}