{
    "mode": "single-single",
    "train_size": 300,
    "train_gen": "wukong",
    "test_gen": "VQDM",
    "seed": 42,
    "metrics": {
        "accuracy": 0.6922,
        "precision": 0.7913887204366282,
        "recall": 0.522,
        "f1": 0.6290672451193059,
        "roc_auc": 0.78120868,
        "n_test": 10000,
        "feature_dim_before": 500
    }
}