{
    "mode": "single-single",
    "train_size": 75,
    "train_gen": "stable_diffusion_v_1_4",
    "test_gen": "wukong",
    "seed": 42,
    "metrics": {
        "accuracy": 0.8238,
        "precision": 0.8480223559759243,
        "recall": 0.789,
        "f1": 0.8174471612101119,
        "roc_auc": 0.9067936199999999,
        "n_test": 10000,
        "feature_dim_before": 500
    }
}