{
    "mode": "single-single",
    "train_size": 30,
    "train_gen": "stable_diffusion_v_1_4",
    "test_gen": "stable_diffusion_v_1_5",
    "seed": 42,
    "metrics": {
        "accuracy": 0.7813,
        "precision": 0.7608977926173252,
        "recall": 0.8204,
        "f1": 0.7895294004426908,
        "roc_auc": 0.8702564599999999,
        "n_test": 10000,
        "feature_dim_before": 500
    }
}