{
    "mode": "single-single",
    "train_size": 300,
    "train_gen": "BigGAN",
    "test_gen": "BigGAN",
    "seed": 42,
    "metrics": {
        "accuracy": 0.9678,
        "precision": 0.9828654004954583,
        "recall": 0.9522,
        "f1": 0.9672897196261683,
        "roc_auc": 0.99611748,
        "n_test": 10000,
        "feature_dim_before": 500
    }
}