{
    "mode": "single-single",
    "train_size": 25,
    "train_gen": "BigGAN",
    "test_gen": "ADM",
    "seed": 42,
    "metrics": {
        "accuracy": 0.6204,
        "precision": 0.8096707818930041,
        "recall": 0.3148,
        "f1": 0.4533410138248848,
        "roc_auc": 0.7118848200000001,
        "n_test": 10000,
        "feature_dim_before": 500
    }
}