{
    "mode": "single-single",
    "train_size": 150,
    "train_gen": "glide",
    "test_gen": "ADM",
    "seed": 42,
    "metrics": {
        "accuracy": 0.6513,
        "precision": 0.7647882394119706,
        "recall": 0.437,
        "f1": 0.5561919307623775,
        "roc_auc": 0.7275805400000002,
        "n_test": 10000,
        "feature_dim_before": 500
    }
}