{
    "mode": "single-single",
    "train_size": 625,
    "train_gen": "stable_diffusion_v_1_4",
    "test_gen": "VQDM",
    "seed": 42,
    "metrics": {
        "accuracy": 0.6177,
        "precision": 0.7621380846325168,
        "recall": 0.3422,
        "f1": 0.47232574189095927,
        "roc_auc": 0.73076774,
        "n_test": 10000,
        "feature_dim_before": 500
    }
}