{
    "mode": "single-single",
    "train_size": 625,
    "train_gen": "wukong",
    "test_gen": "stable_diffusion_v_1_5",
    "seed": 42,
    "metrics": {
        "accuracy": 0.8853,
        "precision": 0.8818632309217047,
        "recall": 0.8898,
        "f1": 0.885813837730214,
        "roc_auc": 0.9566148999999999,
        "n_test": 10000,
        "feature_dim_before": 500
    }
}