{
    "mode": "single-single",
    "train_size": 30,
    "train_gen": "BigGAN",
    "test_gen": "glide",
    "seed": 42,
    "metrics": {
        "accuracy": 0.7617,
        "precision": 0.8601706578585191,
        "recall": 0.625,
        "f1": 0.7239661763002433,
        "roc_auc": 0.8671056399999999,
        "n_test": 10000,
        "feature_dim_before": 500
    }
}