{
    "mode": "single-single",
    "train_size": 300,
    "train_gen": "stable_diffusion_v_1_5",
    "test_gen": "stable_diffusion_v_1_5",
    "seed": 42,
    "metrics": {
        "accuracy": 0.873,
        "precision": 0.874347651545564,
        "recall": 0.8712,
        "f1": 0.8727709877780004,
        "roc_auc": 0.9452655400000001,
        "n_test": 10000,
        "feature_dim_before": 500
    }
}