{
    "mode": "single-single",
    "train_size": 300,
    "train_gen": "VQDM",
    "test_gen": "glide",
    "seed": 42,
    "metrics": {
        "accuracy": 0.7608,
        "precision": 0.8742824339839265,
        "recall": 0.6092,
        "f1": 0.7180575200377181,
        "roc_auc": 0.87096544,
        "n_test": 10000,
        "feature_dim_before": 500
    }
}