{
    "mode": "single-single",
    "train_size": 25,
    "train_gen": "VQDM",
    "test_gen": "Midjourney",
    "seed": 42,
    "metrics": {
        "accuracy": 0.7283,
        "precision": 0.8376220053238687,
        "recall": 0.5664,
        "f1": 0.6758143419639661,
        "roc_auc": 0.8117796200000001,
        "n_test": 10000,
        "feature_dim_before": 500
    }
}