{
    "mode": "single-single",
    "train_size": 75,
    "train_gen": "BigGAN",
    "test_gen": "ADM",
    "seed": 42,
    "metrics": {
        "accuracy": 0.6376,
        "precision": 0.844689378757515,
        "recall": 0.3372,
        "f1": 0.48198970840480276,
        "roc_auc": 0.7531103400000001,
        "n_test": 10000,
        "feature_dim_before": 500
    }
}