{
    "mode": "single-single",
    "train_size": 300,
    "train_gen": "ADM",
    "test_gen": "VQDM",
    "seed": 42,
    "metrics": {
        "accuracy": 0.764,
        "precision": 0.7473763118440779,
        "recall": 0.7976,
        "f1": 0.771671826625387,
        "roc_auc": 0.85238486,
        "n_test": 10000,
        "feature_dim_before": 500
    }
}