{
    "mode": "single-single",
    "train_size": 150,
    "train_gen": "stable_diffusion_v_1_4",
    "test_gen": "stable_diffusion_v_1_4",
    "seed": 42,
    "metrics": {
        "accuracy": 0.8712,
        "precision": 0.8714971977582066,
        "recall": 0.8708,
        "f1": 0.8711484593837535,
        "roc_auc": 0.9426542600000001,
        "n_test": 10000,
        "feature_dim_before": 500
    }
}