{
    "mode": "single-single",
    "train_size": 150,
    "train_gen": "BigGAN",
    "test_gen": "ADM",
    "seed": 42,
    "metrics": {
        "accuracy": 0.6132,
        "precision": 0.8656330749354005,
        "recall": 0.268,
        "f1": 0.4092852779474649,
        "roc_auc": 0.7509749800000001,
        "n_test": 10000,
        "feature_dim_before": 500
    }
}