{
    "mode": "single-single",
    "train_size": 625,
    "train_gen": "VQDM",
    "test_gen": "stable_diffusion_v_1_4",
    "seed": 42,
    "metrics": {
        "accuracy": 0.616,
        "precision": 0.8118279569892473,
        "recall": 0.302,
        "f1": 0.4402332361516035,
        "roc_auc": 0.76229452,
        "n_test": 10000,
        "feature_dim_before": 500
    }
}