{
    "mode": "single-single",
    "train_size": 25,
    "train_gen": "wukong",
    "test_gen": "stable_diffusion_v_1_4",
    "seed": 42,
    "metrics": {
        "accuracy": 0.7811,
        "precision": 0.8399032648125756,
        "recall": 0.6946,
        "f1": 0.7603721948549534,
        "roc_auc": 0.8829659400000001,
        "n_test": 10000,
        "feature_dim_before": 500
    }
}