{
    "mode": "single-single",
    "train_size": 75,
    "train_gen": "wukong",
    "test_gen": "VQDM",
    "seed": 42,
    "metrics": {
        "accuracy": 0.7441,
        "precision": 0.7823270876705991,
        "recall": 0.6764,
        "f1": 0.7255175372734098,
        "roc_auc": 0.8212609799999999,
        "n_test": 10000,
        "feature_dim_before": 500
    }
}