{
    "mode": "single-single",
    "train_size": 300,
    "train_gen": "VQDM",
    "test_gen": "stable_diffusion_v_1_4",
    "seed": 42,
    "metrics": {
        "accuracy": 0.6157,
        "precision": 0.7845548450565667,
        "recall": 0.319,
        "f1": 0.4535759988625053,
        "roc_auc": 0.7380871600000001,
        "n_test": 10000,
        "feature_dim_before": 500
    }
}