{
    "mode": "single-single",
    "train_size": 300,
    "train_gen": "wukong",
    "test_gen": "wukong",
    "seed": 42,
    "metrics": {
        "accuracy": 0.867,
        "precision": 0.8636543797066983,
        "recall": 0.8716,
        "f1": 0.8676089986064105,
        "roc_auc": 0.9396230799999999,
        "n_test": 10000,
        "feature_dim_before": 500
    }
}