{
    "mode": "single-single",
    "train_size": 300,
    "train_gen": "stable_diffusion_v_1_4",
    "test_gen": "glide",
    "seed": 42,
    "metrics": {
        "accuracy": 0.7663,
        "precision": 0.8495668154371226,
        "recall": 0.6472,
        "f1": 0.7347031445112953,
        "roc_auc": 0.8616209799999999,
        "n_test": 10000,
        "feature_dim_before": 500
    }
}