{
    "mode": "single-single",
    "train_size": 300,
    "train_gen": "VQDM",
    "test_gen": "VQDM",
    "seed": 42,
    "metrics": {
        "accuracy": 0.91,
        "precision": 0.9119774919614148,
        "recall": 0.9076,
        "f1": 0.9097834803528468,
        "roc_auc": 0.9692581199999999,
        "n_test": 10000,
        "feature_dim_before": 500
    }
}