{
    "mode": "single-single",
    "train_size": 150,
    "train_gen": "glide",
    "test_gen": "stable_diffusion_v_1_4",
    "seed": 42,
    "metrics": {
        "accuracy": 0.695,
        "precision": 0.7959927140255009,
        "recall": 0.5244,
        "f1": 0.6322642874367013,
        "roc_auc": 0.80079946,
        "n_test": 10000,
        "feature_dim_before": 500
    }
}