{
    "mode": "single-single",
    "train_size": 75,
    "train_gen": "Midjourney",
    "test_gen": "Midjourney",
    "seed": 42,
    "metrics": {
        "accuracy": 0.7934,
        "precision": 0.8148068669527897,
        "recall": 0.7594,
        "f1": 0.786128364389234,
        "roc_auc": 0.88110306,
        "n_test": 10000,
        "feature_dim_before": 500
    }
}