{
    "mode": "single-single",
    "train_size": 300,
    "train_gen": "glide",
    "test_gen": "wukong",
    "seed": 42,
    "metrics": {
        "accuracy": 0.7497,
        "precision": 0.8615696495800753,
        "recall": 0.595,
        "f1": 0.703892109310304,
        "roc_auc": 0.8585015599999999,
        "n_test": 10000,
        "feature_dim_before": 500
    }
}