{
    "mode": "single-single",
    "train_size": 25,
    "train_gen": "ADM",
    "test_gen": "stable_diffusion_v_1_4",
    "seed": 42,
    "metrics": {
        "accuracy": 0.55,
        "precision": 0.5528317836010144,
        "recall": 0.5232,
        "f1": 0.5376078914919852,
        "roc_auc": 0.5699087199999999,
        "n_test": 10000,
        "feature_dim_before": 500
    }
}