{
    "mode": "single-single",
    "train_size": 300,
    "train_gen": "stable_diffusion_v_1_4",
    "test_gen": "wukong",
    "seed": 42,
    "metrics": {
        "accuracy": 0.8583,
        "precision": 0.8788327341932756,
        "recall": 0.8312,
        "f1": 0.854352965361291,
        "roc_auc": 0.93159378,
        "n_test": 10000,
        "feature_dim_before": 500
    }
}