{
    "mode": "single-single",
    "train_size": 75,
    "train_gen": "BigGAN",
    "test_gen": "wukong",
    "seed": 42,
    "metrics": {
        "accuracy": 0.644,
        "precision": 0.8495145631067961,
        "recall": 0.35,
        "f1": 0.49575070821529743,
        "roc_auc": 0.80922146,
        "n_test": 10000,
        "feature_dim_before": 500
    }
}