{
    "mode": "single-single",
    "train_size": 625,
    "train_gen": "stable_diffusion_v_1_4",
    "test_gen": "ADM",
    "seed": 42,
    "metrics": {
        "accuracy": 0.5447,
        "precision": 0.6475247524752475,
        "recall": 0.1962,
        "f1": 0.301151189562548,
        "roc_auc": 0.58819296,
        "n_test": 10000,
        "feature_dim_before": 500
    }
}