{
    "mode": "single-single",
    "train_size": 75,
    "train_gen": "stable_diffusion_v_1_4",
    "test_gen": "glide",
    "seed": 42,
    "metrics": {
        "accuracy": 0.822,
        "precision": 0.8474320241691843,
        "recall": 0.7854,
        "f1": 0.8152376998131617,
        "roc_auc": 0.89920482,
        "n_test": 10000,
        "feature_dim_before": 500
    }
}