{
    "mode": "single-single",
    "train_size": 625,
    "train_gen": "BigGAN",
    "test_gen": "wukong",
    "seed": 42,
    "metrics": {
        "accuracy": 0.5335,
        "precision": 0.8665207877461707,
        "recall": 0.0792,
        "f1": 0.1451346893897746,
        "roc_auc": 0.7674799800000001,
        "n_test": 10000,
        "feature_dim_before": 500
    }
}