{
    "mode": "single-single",
    "train_size": 75,
    "train_gen": "BigGAN",
    "test_gen": "stable_diffusion_v_1_4",
    "seed": 42,
    "metrics": {
        "accuracy": 0.6297,
        "precision": 0.8382889932185706,
        "recall": 0.3214,
        "f1": 0.464652305912968,
        "roc_auc": 0.8060944800000001,
        "n_test": 10000,
        "feature_dim_before": 500
    }
}