{
    "mode": "single-single",
    "train_size": 75,
    "train_gen": "BigGAN",
    "test_gen": "Midjourney",
    "seed": 42,
    "metrics": {
        "accuracy": 0.6358,
        "precision": 0.8432760364004045,
        "recall": 0.3336,
        "f1": 0.47807394668959585,
        "roc_auc": 0.7901303199999999,
        "n_test": 10000,
        "feature_dim_before": 500
    }
}