{
    "mode": "single-single",
    "train_size": 150,
    "train_gen": "Midjourney",
    "test_gen": "wukong",
    "seed": 42,
    "metrics": {
        "accuracy": 0.7623,
        "precision": 0.8367137355584082,
        "recall": 0.6518,
        "f1": 0.7327712197863968,
        "roc_auc": 0.8476058799999999,
        "n_test": 10000,
        "feature_dim_before": 500
    }
}