{
    "mode": "single-single",
    "train_size": 75,
    "train_gen": "wukong",
    "test_gen": "BigGAN",
    "seed": 42,
    "metrics": {
        "accuracy": 0.7912,
        "precision": 0.8037129745515227,
        "recall": 0.7706,
        "f1": 0.7868082499489484,
        "roc_auc": 0.87227344,
        "n_test": 10000,
        "feature_dim_before": 500
    }
}