{
    "mode": "single-single",
    "train_size": 300,
    "train_gen": "glide",
    "test_gen": "stable_diffusion_v_1_5",
    "seed": 42,
    "metrics": {
        "accuracy": 0.7406,
        "precision": 0.8578227245687091,
        "recall": 0.5768,
        "f1": 0.6897871322650083,
        "roc_auc": 0.85758244,
        "n_test": 10000,
        "feature_dim_before": 500
    }
}