{
    "mode": "single-single",
    "train_size": 300,
    "train_gen": "ADM",
    "test_gen": "stable_diffusion_v_1_5",
    "seed": 42,
    "metrics": {
        "accuracy": 0.6264,
        "precision": 0.6595959595959596,
        "recall": 0.5224,
        "f1": 0.5830357142857143,
        "roc_auc": 0.68430534,
        "n_test": 10000,
        "feature_dim_before": 500
    }
}