{
    "mode": "single-single",
    "train_size": 625,
    "train_gen": "wukong",
    "test_gen": "ADM",
    "seed": 42,
    "metrics": {
        "accuracy": 0.5844,
        "precision": 0.7072691552062869,
        "recall": 0.288,
        "f1": 0.40932347924957363,
        "roc_auc": 0.6415701199999999,
        "n_test": 10000,
        "feature_dim_before": 500
    }
}