{
    "mode": "single-single",
    "train_size": 75,
    "train_gen": "Midjourney",
    "test_gen": "ADM",
    "seed": 42,
    "metrics": {
        "accuracy": 0.5284,
        "precision": 0.5706467661691542,
        "recall": 0.2294,
        "f1": 0.32724679029957204,
        "roc_auc": 0.5473926,
        "n_test": 10000,
        "feature_dim_before": 500
    }
}