{
    "mode": "single-single",
    "train_size": 150,
    "train_gen": "BigGAN",
    "test_gen": "VQDM",
    "seed": 42,
    "metrics": {
        "accuracy": 0.7776,
        "precision": 0.9348370927318296,
        "recall": 0.5968,
        "f1": 0.728515625,
        "roc_auc": 0.9137977799999999,
        "n_test": 10000,
        "feature_dim_before": 500
    }
}