{
    "mode": "single-single",
    "train_size": 625,
    "train_gen": "stable_diffusion_v_1_5",
    "test_gen": "Midjourney",
    "seed": 42,
    "metrics": {
        "accuracy": 0.8582,
        "precision": 0.8883347788378144,
        "recall": 0.8194,
        "f1": 0.8524760715771952,
        "roc_auc": 0.9369623200000001,
        "n_test": 10000,
        "feature_dim_before": 500
    }
}