{
    "mode": "single-single",
    "train_size": 300,
    "train_gen": "wukong",
    "test_gen": "glide",
    "seed": 42,
    "metrics": {
        "accuracy": 0.8081,
        "precision": 0.8456360780794256,
        "recall": 0.7538,
        "f1": 0.7970815269112826,
        "roc_auc": 0.8915639200000001,
        "n_test": 10000,
        "feature_dim_before": 500
    }
}