{
    "mode": "single-single",
    "train_size": 150,
    "train_gen": "wukong",
    "test_gen": "stable_diffusion_v_1_5",
    "seed": 42,
    "metrics": {
        "accuracy": 0.8465,
        "precision": 0.8587699316628702,
        "recall": 0.8294,
        "f1": 0.8438294841794689,
        "roc_auc": 0.9245267000000001,
        "n_test": 10000,
        "feature_dim_before": 500
    }
}