{
    "mode": "single-single",
    "train_size": 625,
    "train_gen": "VQDM",
    "test_gen": "glide",
    "seed": 42,
    "metrics": {
        "accuracy": 0.7658,
        "precision": 0.8957712924359738,
        "recall": 0.6016,
        "f1": 0.7197894233070112,
        "roc_auc": 0.88913928,
        "n_test": 10000,
        "feature_dim_before": 500
    }
}