{
    "mode": "single-single",
    "train_size": 150,
    "train_gen": "stable_diffusion_v_1_4",
    "test_gen": "glide",
    "seed": 42,
    "metrics": {
        "accuracy": 0.7862,
        "precision": 0.8451519536903039,
        "recall": 0.7008,
        "f1": 0.7662366061666303,
        "roc_auc": 0.8743095599999999,
        "n_test": 10000,
        "feature_dim_before": 500
    }
}