{
    "mode": "single-single",
    "train_size": 75,
    "train_gen": "stable_diffusion_v_1_5",
    "test_gen": "BigGAN",
    "seed": 42,
    "metrics": {
        "accuracy": 0.6762,
        "precision": 0.7690897984117288,
        "recall": 0.5036,
        "f1": 0.6086536137297559,
        "roc_auc": 0.77850084,
        "n_test": 10000,
        "feature_dim_before": 500
    }
}