{
    "mode": "single-single",
    "train_size": 75,
    "train_gen": "BigGAN",
    "test_gen": "VQDM",
    "seed": 42,
    "metrics": {
        "accuracy": 0.7702,
        "precision": 0.9066827212522577,
        "recall": 0.6024,
        "f1": 0.7238644556596971,
        "roc_auc": 0.89783218,
        "n_test": 10000,
        "feature_dim_before": 500
    }
}