{
    "mode": "single-single",
    "train_size": 75,
    "train_gen": "stable_diffusion_v_1_5",
    "test_gen": "ADM",
    "seed": 42,
    "metrics": {
        "accuracy": 0.5708,
        "precision": 0.6594594594594595,
        "recall": 0.2928,
        "f1": 0.4055401662049862,
        "roc_auc": 0.62001022,
        "n_test": 10000,
        "feature_dim_before": 500
    }
}