{
    "mode": "single-single",
    "train_size": 625,
    "train_gen": "VQDM",
    "test_gen": "ADM",
    "seed": 42,
    "metrics": {
        "accuracy": 0.6912,
        "precision": 0.8660030627871363,
        "recall": 0.4524,
        "f1": 0.5943247503941146,
        "roc_auc": 0.8202161399999999,
        "n_test": 10000,
        "feature_dim_before": 500
    }
}