{
    "mode": "single-single",
    "train_size": 625,
    "train_gen": "ADM",
    "test_gen": "stable_diffusion_v_1_5",
    "seed": 42,
    "metrics": {
        "accuracy": 0.6642,
        "precision": 0.7078481012658228,
        "recall": 0.5592,
        "f1": 0.624804469273743,
        "roc_auc": 0.73202744,
        "n_test": 10000,
        "feature_dim_before": 500
    }
}