{
    "mode": "single-single",
    "train_size": 300,
    "train_gen": "BigGAN",
    "test_gen": "VQDM",
    "seed": 42,
    "metrics": {
        "accuracy": 0.7298,
        "precision": 0.966314935064935,
        "recall": 0.4762,
        "f1": 0.6379957127545552,
        "roc_auc": 0.92469894,
        "n_test": 10000,
        "feature_dim_before": 500
    }
}