{
    "mode": "single-multi",
    "train_size": 300,
    "train_gen": "stable_diffusion_v_1_4",
    "test_gen": null,
    "seed": 42,
    "metrics": {
        "accuracy": 0.7452,
        "precision": 0.8407448582545859,
        "recall": 0.605,
        "f1": 0.7036520120958363,
        "roc_auc": 0.8234152,
        "n_test": 10000,
        "feature_dim_before": 500
    }
}