{
    "mode": "single-multi",
    "train_size": 25,
    "train_gen": "VQDM",
    "test_gen": null,
    "seed": 42,
    "metrics": {
        "accuracy": 0.7416,
        "precision": 0.8437677859988617,
        "recall": 0.593,
        "f1": 0.6964998825463942,
        "roc_auc": 0.82475086,
        "n_test": 10000,
        "feature_dim_before": 500
    }
}