{
    "mode": "single-multi",
    "train_size": 30,
    "train_gen": "stable_diffusion_v_1_5",
    "test_gen": null,
    "seed": 42,
    "metrics": {
        "accuracy": 0.7383,
        "precision": 0.7578446223761091,
        "recall": 0.7004,
        "f1": 0.7279908533416485,
        "roc_auc": 0.818128,
        "n_test": 10000,
        "feature_dim_before": 500
    }
}