{
    "mode": "single-multi",
    "train_size": 625,
    "train_gen": "glide",
    "test_gen": null,
    "seed": 42,
    "metrics": {
        "accuracy": 0.7671,
        "precision": 0.8968796433878158,
        "recall": 0.6036,
        "f1": 0.7215780035863718,
        "roc_auc": 0.88624338,
        "n_test": 10000,
        "feature_dim_before": 500
    }
}