{
    "mode": "single-multi",
    "train_size": 30,
    "train_gen": "Midjourney",
    "test_gen": null,
    "seed": 42,
    "metrics": {
        "accuracy": 0.7668,
        "precision": 0.7983005366726297,
        "recall": 0.714,
        "f1": 0.7538006756756757,
        "roc_auc": 0.8431721799999999,
        "n_test": 10000,
        "feature_dim_before": 500
    }
}