{
    "mode": "single-multi",
    "train_size": 75,
    "train_gen": "wukong",
    "test_gen": null,
    "seed": 42,
    "metrics": {
        "accuracy": 0.7613,
        "precision": 0.7906562847608454,
        "recall": 0.7108,
        "f1": 0.7486045286993154,
        "roc_auc": 0.8411166000000001,
        "n_test": 10000,
        "feature_dim_before": 500
    }
}