{
    "mode": "single-multi",
    "train_size": 75,
    "train_gen": "stable_diffusion_v_1_4",
    "test_gen": null,
    "seed": 42,
    "metrics": {
        "accuracy": 0.7806,
        "precision": 0.8324644549763033,
        "recall": 0.7026,
        "f1": 0.7620390455531454,
        "roc_auc": 0.85673642,
        "n_test": 10000,
        "feature_dim_before": 500
    }
}