{
    "mode": "single-multi",
    "train_size": 75,
    "train_gen": "BigGAN",
    "test_gen": null,
    "seed": 42,
    "metrics": {
        "accuracy": 0.7032,
        "precision": 0.8831070889894419,
        "recall": 0.4684,
        "f1": 0.6121275483533717,
        "roc_auc": 0.8428898599999999,
        "n_test": 10000,
        "feature_dim_before": 500
    }
}