{
    "mode": "single-multi",
    "train_size": 75,
    "train_gen": "stable_diffusion_v_1_5",
    "test_gen": null,
    "seed": 42,
    "metrics": {
        "accuracy": 0.7477,
        "precision": 0.8104788167460516,
        "recall": 0.6466,
        "f1": 0.719323617755034,
        "roc_auc": 0.8289538000000001,
        "n_test": 10000,
        "feature_dim_before": 500
    }
}