{
    "mode": "single-multi",
    "train_size": 150,
    "train_gen": "wukong",
    "test_gen": null,
    "seed": 42,
    "metrics": {
        "accuracy": 0.7705,
        "precision": 0.8323912509216024,
        "recall": 0.6774,
        "f1": 0.7469401257029441,
        "roc_auc": 0.8513368399999999,
        "n_test": 10000,
        "feature_dim_before": 500
    }
}