{
    "mode": "single-multi",
    "train_size": 300,
    "train_gen": "Midjourney",
    "test_gen": null,
    "seed": 42,
    "metrics": {
        "accuracy": 0.6981,
        "precision": 0.8208616780045351,
        "recall": 0.5068,
        "f1": 0.6266848027698776,
        "roc_auc": 0.77053676,
        "n_test": 10000,
        "feature_dim_before": 500
    }
}