{
    "mode": "single-multi",
    "train_size": 25,
    "train_gen": "glide",
    "test_gen": null,
    "seed": 42,
    "metrics": {
        "accuracy": 0.7687,
        "precision": 0.8288861689106487,
        "recall": 0.6772,
        "f1": 0.7454045129334067,
        "roc_auc": 0.85533548,
        "n_test": 10000,
        "feature_dim_before": 500
    }
}