{
    "mode": "single-multi",
    "train_size": 25,
    "train_gen": "Midjourney",
    "test_gen": null,
    "seed": 42,
    "metrics": {
        "accuracy": 0.7681,
        "precision": 0.8241837968561064,
        "recall": 0.6816,
        "f1": 0.7461412151067324,
        "roc_auc": 0.84548742,
        "n_test": 10000,
        "feature_dim_before": 500
    }
}