{
    "mode": "single-multi",
    "train_size": 300,
    "train_gen": "glide",
    "test_gen": null,
    "seed": 42,
    "metrics": {
        "accuracy": 0.7684,
        "precision": 0.8686813186813187,
        "recall": 0.6324,
        "f1": 0.7319444444444444,
        "roc_auc": 0.8706670999999999,
        "n_test": 10000,
        "feature_dim_before": 500
    }
}