{
    "mode": "single-multi",
    "train_size": 150,
    "train_gen": "BigGAN",
    "test_gen": null,
    "seed": 42,
    "metrics": {
        "accuracy": 0.6641,
        "precision": 0.8988818667963053,
        "recall": 0.3698,
        "f1": 0.5240187048320816,
        "roc_auc": 0.8097608,
        "n_test": 10000,
        "feature_dim_before": 500
    }
}