{
    "mode": "single-multi",
    "train_size": 625,
    "train_gen": "BigGAN",
    "test_gen": null,
    "seed": 42,
    "metrics": {
        "accuracy": 0.6409,
        "precision": 0.9601567602873938,
        "recall": 0.294,
        "f1": 0.45016077170418006,
        "roc_auc": 0.8414536,
        "n_test": 10000,
        "feature_dim_before": 500
    }
}