{
    "mode": "single-multi",
    "train_size": 150,
    "train_gen": "stable_diffusion_v_1_5",
    "test_gen": null,
    "seed": 42,
    "metrics": {
        "accuracy": 0.7171,
        "precision": 0.8046589952287398,
        "recall": 0.5734,
        "f1": 0.6696251313791896,
        "roc_auc": 0.78722868,
        "n_test": 10000,
        "feature_dim_before": 500
    }
}