{
    "mode": "single-multi",
    "train_size": 625,
    "train_gen": "Midjourney",
    "test_gen": null,
    "seed": 42,
    "metrics": {
        "accuracy": 0.7079,
        "precision": 0.8425041186161449,
        "recall": 0.5114,
        "f1": 0.6364654635967641,
        "roc_auc": 0.77871148,
        "n_test": 10000,
        "feature_dim_before": 500
    }
}