{
    "mode": "single-multi",
    "train_size": 625,
    "train_gen": "VQDM",
    "test_gen": null,
    "seed": 42,
    "metrics": {
        "accuracy": 0.7075,
        "precision": 0.8738738738738738,
        "recall": 0.485,
        "f1": 0.6237942122186495,
        "roc_auc": 0.8215019799999999,
        "n_test": 10000,
        "feature_dim_before": 500
    }
}