{
    "mode": "single-multi",
    "train_size": 30,
    "train_gen": "glide",
    "test_gen": null,
    "seed": 42,
    "metrics": {
        "accuracy": 0.7826,
        "precision": 0.8220145852324522,
        "recall": 0.7214,
        "f1": 0.7684277801448658,
        "roc_auc": 0.86461798,
        "n_test": 10000,
        "feature_dim_before": 500
    }
}