{
    "mode": "single-multi",
    "train_size": 25,
    "train_gen": "stable_diffusion_v_1_5",
    "test_gen": null,
    "seed": 42,
    "metrics": {
        "accuracy": 0.78,
        "precision": 0.8078276165347406,
        "recall": 0.7348,
        "f1": 0.7695852534562212,
        "roc_auc": 0.85840238,
        "n_test": 10000,
        "feature_dim_before": 500
    }
}