{
    "mode": "single-multi",
    "train_size": 30,
    "train_gen": "BigGAN",
    "test_gen": null,
    "seed": 42,
    "metrics": {
        "accuracy": 0.7202,
        "precision": 0.8762816131237184,
        "recall": 0.5128,
        "f1": 0.6469846076204895,
        "roc_auc": 0.8446897200000001,
        "n_test": 10000,
        "feature_dim_before": 500
    }
}