{
    "mode": "single-multi",
    "train_size": 150,
    "train_gen": "Midjourney",
    "test_gen": null,
    "seed": 42,
    "metrics": {
        "accuracy": 0.6807,
        "precision": 0.7934394283858396,
        "recall": 0.4886,
        "f1": 0.6047778190370096,
        "roc_auc": 0.74646228,
        "n_test": 10000,
        "feature_dim_before": 500
    }
}