{
    "mode": "single-multi",
    "train_size": 625,
    "train_gen": "stable_diffusion_v_1_5",
    "test_gen": null,
    "seed": 42,
    "metrics": {
        "accuracy": 0.7397,
        "precision": 0.8497227896119055,
        "recall": 0.5824,
        "f1": 0.6911119022190578,
        "roc_auc": 0.82568368,
        "n_test": 10000,
        "feature_dim_before": 500
    }
}