{
    "mode": "single-multi",
    "train_size": 300,
    "train_gen": "stable_diffusion_v_1_5",
    "test_gen": null,
    "seed": 42,
    "metrics": {
        "accuracy": 0.7222,
        "precision": 0.819804260218768,
        "recall": 0.5696,
        "f1": 0.6721737078121313,
        "roc_auc": 0.7988120200000001,
        "n_test": 10000,
        "feature_dim_before": 500
    }
}