{
    "mode": "single-multi",
    "train_size": 625,
    "train_gen": "wukong",
    "test_gen": null,
    "seed": 42,
    "metrics": {
        "accuracy": 0.7798,
        "precision": 0.8506265664160401,
        "recall": 0.6788,
        "f1": 0.7550611790878754,
        "roc_auc": 0.8580924,
        "n_test": 10000,
        "feature_dim_before": 500
    }
}